"Temperature (degF)","Electrical Resistivity"
-100,0.9178666472435
68,1
215,1.16210162639618
400,1.20390653610229
800,1.35786664485931
